PM2.5,PM10,NOx,NO2,SO2,VOCs,CO,CO2,CH4,Temperature,Humidity,Wind_Direction,Location_Type,datetime
39.96714153,57.92603548,116.1922135,55.23029856,4.531693251,75.31726086,2.789606408,427.6743473,1.706105123,31.08512009,45.45474902,276,Urban,1/1/2000 0:00
101.9356718,150.7742994,76.82682555,79.05161838,18.74478016,145.0839865,1.966569215,529.7396192,2.492663447,33.71110263,60.7982122,134,Industrial,1/1/2000 1:00
70.99619225,138.9487964,158.73102,60.4666039,14.89223903,145.1473384,2.626445837,499.8894428,2.431164864,33.77869783,54.87566853,1,Industrial,1/1/2000 2:00
28.46472835,63.64390026,25.38534282,15.33328639,7.647428676,130.0223193,1.779359577,388.2837116,1.818562684,31.56587718,67.11331923,251,Rural,1/1/2000 3:00
78.26527576,113.9779261,105.6443403,59.20233687,17.69680615,181.7136668,3.240532803,464.7391969,2.597225191,32.22983544,37.23651931,326,Industrial,1/1/2000 4:00
16.24323228,39.49826792,115.9076277,30.93279331,5.952085175,106.0732254,2.105793506,425.9704465,1.620732963,29.77602436,51.12454757,61,Urban,1/1/2000 5:00
97.69574517,102.0358412,175.0438626,74.44842076,14.81085062,147.7258876,3.681074474,515.9119093,2.948630276,33.6763625,49.81386789,206,Industrial,1/1/2000 6:00
74.02042415,118.7827183,107.4374862,85.63737426,24.51766245,150.5700099,2.625908482,470.0989226,2.263222501,34.48742257,37.30939729,186,Industrial,1/1/2000 7:00
53.45977574,76.4966208,15.33032115,19.46314736,7.789485732,76.11633888,1.334094146,376.0125912,1.931183892,30.25235766,53.66263864,230,Rural,1/1/2000 8:00
41.90178242,78.29720108,16.50610027,9.904636073,8.254024479,68.76390693,2.278046246,388.4666354,1.818602555,25.54793753,55.04873127,159,Rural,1/1/2000 9:00
67.63423081,73.14240063,32.57550391,14.62777042,4.162457569,99.33715311,1.524092084,414.6324211,1.961527807,28.90464203,54.34684616,171,Rural,1/1/2000 10:00
54.65034764,30.90133172,80.93432589,41.68659387,2.356246099,66.63506602,1.931354498,434.0132156,1.790919469,30.43387345,64.4929562,143,Urban,1/1/2000 11:00
72.59851277,138.4632522,201.1981486,83.10384123,20.04572173,139.0338211,3.454360713,475.5425293,2.66090081,31.17061814,46.60206039,337,Industrial,1/1/2000 12:00
87.22968709,138.5291272,124.8725582,80.15779098,29.36159559,161.8912182,2.562068593,489.5507704,2.50391017,33.75553918,42.82487524,303,Industrial,1/1/2000 13:00
35.628246,67.52394548,96.32636518,41.80622974,6.929621165,58.70337694,2.0543559,421.0576365,1.984133343,29.54655509,65.52785346,112,Urban,1/1/2000 14:00
48.51686968,57.14167448,48.65774511,17.3691646,5.617393006,116.4138402,1.110127332,397.870846,2.231719116,25.53795304,69.48898697,134,Rural,1/1/2000 15:00
65.60158052,142.0985644,169.0272089,115.9164282,13.4071492,171.6116173,3.221123635,501.1856257,2.773153666,32.94054928,48.03183097,276,Industrial,1/1/2000 16:00
77.81306591,71.68777774,15.93594733,14.82735172,6.073968748,124.4295,1.516792026,388.6272818,1.975173522,30.22102245,78.99964457,98,Rural,1/1/2000 17:00
65.75721432,108.0620534,146.66388,43.76395849,13.29298251,101.3491614,2.196596019,527.7920566,2.243427844,30.94587648,44.67652293,103,Industrial,1/1/2000 18:00
57.99661492,88.96843694,16.22330632,10.3108748,9.030070534,112.8446488,1.706019075,428.5273149,2.114178102,31.40669692,71.05900632,141,Rural,1/1/2000 19:00
75.27096133,135.1793844,126.8152436,66.4477209,17.57318226,152.4562242,4.620260997,462.6546961,2.705878057,29.77456826,35.9150075,179,Industrial,1/1/2000 20:00
15.08462213,66.390388,86.46786396,47.76823004,4.904712578,90.37388915,1.804299094,424.380226,2.132753958,28.52152714,44.15059277,143,Urban,1/1/2000 21:00
80.22714917,128.8414803,181.4405923,60.57145379,17.77750628,99.92602923,2.459726646,533.2260346,2.399725873,32.36430619,42.50728694,125,Industrial,1/1/2000 22:00
36.83855514,68.66845703,153.3660312,42.26848822,8.310923251,70.74149156,2.043282907,414.0711727,1.663999133,29.47318831,42.82470965,93,Urban,1/1/2000 23:00
50.32583314,83.94341296,20.73069528,14.70237322,1.51746532,74.39030897,1.398972739,377.5221682,2.326482261,23.70957587,69.05280953,289,Rural,1/2/2000 0:00
45.02176333,83.60683507,49.33542629,17.06937419,9.135536736,103.7045433,1.968974313,395.3140001,2.149821135,33.42687049,53.8550106,178,Rural,1/2/2000 1:00
86.69434022,142.7248463,165.0428027,85.90957868,16.65512586,123.9574732,2.618473669,474.652354,2.533089874,32.13994923,45.09662645,89,Industrial,1/2/2000 2:00
93.27485701,110.709405,131.3328851,64.66767039,24.76005547,193.5765074,3.253409738,511.6262827,2.311089743,34.7535093,40.32318631,191,Industrial,1/2/2000 3:00
104.1623046,130.5592085,138.9671165,61.78414776,25.21837823,156.8693561,1.926154417,507.2613921,2.843311461,34.71572932,42.14708457,285,Industrial,1/2/2000 4:00
80.18219764,138.6186817,134.3043572,84.23714482,18.80387601,175.6192413,2.810271676,487.7381063,3.073695292,35.13045417,48.45336566,98,Industrial,1/2/2000 5:00
58.48250138,108.5776934,26.57411132,16.24657271,8.649036633,141.8823312,1.855593718,394.9606423,2.011114431,28.18069876,62.78274425,167,Rural,1/2/2000 6:00
30.28961694,63.48074906,63.79789146,25.92536226,3.563111557,75.73105697,2.155453783,434.7535622,1.971531925,29.68012294,43.33592447,172,Urban,1/2/2000 7:00
44.77784237,64.8041445,33.2271856,10.86384528,9.038693028,138.3184728,1.456495941,394.0171172,2.138028798,26.79633858,56.70787516,133,Rural,1/2/2000 8:00
51.5487917,131.9818665,144.9578763,74.27762987,17.64040129,156.5161943,2.669685733,488.8763771,2.230829101,36.05165991,57.11302118,11,Industrial,1/2/2000 9:00
34.49325854,65.77273,20.12770792,12.54418236,5.581755221,139.7286033,1.197237564,381.2492118,1.734877945,25.68638362,63.5972254,144,Rural,1/2/2000 10:00
37.25613349,41.18900184,14.85425156,18.39829835,7.754422502,116.222331,1.812110066,391.5107996,1.753653846,28.56875476,62.3376535,64,Rural,1/2/2000 11:00
49.08738302,69.75199681,43.72377797,11.61106954,10.30706374,90.62473429,1.222341619,391.0986007,2.068491384,33.73458882,72.49732248,258,Rural,1/2/2000 12:00
50.16233323,64.68687722,92.17440729,24.00876527,2.262819769,90.7098362,2.530223407,435.41371,1.634421384,29.39227113,60.14719587,161,Urban,1/2/2000 13:00
99.13194873,118.1686788,178.1121756,61.46010804,22.068564,190.2626551,1.173848393,486.8982943,2.678122653,35.42563015,59.15134003,102,Industrial,1/2/2000 14:00
45.58424487,33.6189077,70.41853718,19.60767822,4.461186331,94.35084512,2.751178526,420.7409478,2.125723109,27.23979708,65.87091126,132,Urban,1/2/2000 15:00
42.66395686,95.5541136,34.60737068,17.93052802,4.953678259,130.1478802,1.650235227,376.2841062,2.097018822,21.81242298,63.80357477,335,Rural,1/2/2000 16:00
31.78497714,78.77811895,37.47368032,13.54653846,12.11018522,92.01599981,1.321326612,385.2432865,1.836900185,26.32292352,52.66107601,0,Rural,1/2/2000 17:00
47.8121486,130.258825,113.4453108,52.59512462,19.79186983,122.9965303,3.085753849,539.4692178,2.386282706,30.88084171,35.07785073,291,Industrial,1/2/2000 18:00
89.2125005,135.1501542,134.0849656,61.36272639,18.62474151,80.94236506,1.939366256,527.3374853,2.993490314,32.50192792,36.10049609,311,Industrial,1/2/2000 19:00
49.80262764,55.87878591,34.71826991,18.25532528,5.660463132,58.52271029,1.617466409,385.1123018,2.051984294,24.12689179,75.22129958,85,Rural,1/2/2000 20:00
68.40162544,112.9842151,156.546682,83.65846184,25.27665498,169.6090278,2.388218116,499.9340816,3.212298821,35.02906539,57.36318423,235,Industrial,1/2/2000 21:00
40.34316972,57.96876457,43.95731936,8.45175355,4.172444839,123.5321145,1.511076373,391.2736548,1.927715432,27.2845199,54.58577418,111,Rural,1/2/2000 22:00
40.41707733,62.5578777,21.71416229,12.274154,2.994480957,117.116055,1.656101308,389.1509117,2.047464877,28.82073221,57.73708481,61,Rural,1/2/2000 23:00
81.48998458,135.0277425,99.91784157,78.15040289,16.68688121,167.1179601,2.46571859,463.902358,2.011737269,33.09616989,38.44510474,89,Industrial,1/3/2000 0:00
32.86527363,62.07761944,119.106305,40.10798165,6.763859821,46.30255722,1.626015005,398.6119969,2.199401631,33.96798426,46.05191387,167,Urban,1/3/2000 1:00
37.77637585,83.6845197,41.06329105,18.85819075,6.553321835,160.846202,0.791902725,379.6737093,2.033945857,28.26818176,55.43699198,34,Rural,1/3/2000 2:00
47.20214188,76.35683722,35.31916892,18.48175563,9.032249457,111.887341,1.27049848,383.1925573,2.148472983,28.73036953,59.48589747,41,Rural,1/3/2000 3:00
98.01820883,111.8384925,88.85626394,54.87870534,10.64604039,139.4545955,3.012892865,533.5287462,2.598078212,32.56179894,46.51673664,308,Industrial,1/3/2000 4:00
47.8273747,83.87557349,15.21413754,20.71877022,8.676992815,89.61780215,1.753112746,412.7069286,2.036373251,28.74466176,54.55024639,96,Rural,1/3/2000 5:00
56.64093333,82.97391488,26.4787528,12.87339383,7.896482031,146.0235767,1.337490108,392.6052899,1.551039418,30.02742619,63.71000658,183,Rural,1/3/2000 6:00
127.6166321,123.6448121,72.81206276,64.2169264,26.65219282,209.9795162,3.502668984,531.3518884,2.146664338,31.63947683,47.70790587,345,Industrial,1/3/2000 7:00
47.1663701,117.5842885,27.9715378,15.23457717,11.56432724,114.7568655,1.586744415,394.4211667,2.050048787,24.58073672,68.20145139,50,Rural,1/3/2000 8:00
36.83883352,61.50143164,97.7443084,47.81073268,10.0773822,90.47905334,1.705956587,418.6659914,2.014199293,28.8343988,40.13896069,290,Urban,1/3/2000 9:00
55.22695787,28.22672727,27.70120429,18.14070007,10.54025109,79.53814457,0.898893993,387.3926484,1.774916198,27.55289,55.2916096,179,Rural,1/3/2000 10:00
92.06658665,116.8557221,182.4137961,42.3264214,14.91403915,165.5000793,2.4406226,496.7092868,2.500209735,33.31651196,52.86155052,140,Industrial,1/3/2000 11:00
59.55944595,81.7749264,132.985105,86.93333115,31.28242008,132.7924452,3.760273869,492.1083536,2.004779284,34.40188452,56.42177599,193,Industrial,1/3/2000 12:00
26.58385822,120.3285888,45.91717323,14.91038213,7.402724416,82.10475328,1.543893056,388.1606384,2.102759083,27.11690002,65.797354,86,Rural,1/3/2000 13:00
41.91819566,88.43715847,13.7747637,16.70494176,8.051142673,64.72873674,0.816598688,400.10345,2.192558138,28.51767529,66.70164754,263,Rural,1/3/2000 14:00
32.59674602,54.37768789,117.7739992,44.44263311,4.278067668,103.1865961,1.459468336,426.1593561,1.918620252,29.38090712,40.39005771,262,Urban,1/3/2000 15:00
41.88838247,67.00173825,134.1842564,49.58253826,5.454522818,94.95960868,2.502551081,414.9256271,1.7341338,29.80634793,64.9196352,292,Urban,1/3/2000 16:00
59.96033684,30.94220163,12.46530584,12.27538883,9.94364538,99.22604373,1.365713971,403.4604421,2.431047908,30.01677185,57.73663056,245,Rural,1/3/2000 17:00
32.9913941,103.3713768,41.03025267,20.75712687,8.241294452,132.8022987,1.496705373,403.5915763,1.970260715,25.96227425,64.92394682,75,Rural,1/3/2000 18:00
83.84044601,139.6538197,199.9642333,85.21555098,10.79562884,111.612691,2.562626996,500.521821,2.655297706,31.54851237,37.48396004,291,Industrial,1/3/2000 19:00
76.62491145,144.1518434,156.9146164,76.48463097,22.70500936,153.9880856,3.363910558,497.6335315,2.48505741,30.76177014,43.09733667,238,Industrial,1/3/2000 20:00
41.07566864,37.21230026,99.86658823,33.41231174,1.620885548,99.742444,1.823913508,422.4252043,1.835969084,29.33029546,54.86473949,103,Urban,1/3/2000 21:00
56.63071523,111.9923728,164.9921286,77.98892664,14.56109532,177.8844752,1.76599315,522.8827041,2.104195633,32.54750956,51.25702842,215,Industrial,1/3/2000 22:00
41.91620681,79.29222683,120.1200795,49.30253346,5.079483392,80.22696958,2.133525193,427.3445281,1.743336937,30.24410787,60.09752394,287,Urban,1/3/2000 23:00
86.44427329,124.1537537,158.1473651,50.84877136,14.5947173,181.5945856,2.972311392,513.6300139,2.508495513,33.05951228,44.5730142,102,Industrial,1/4/2000 0:00
35.96120777,53.06587067,89.13759431,36.90827877,5.444267543,70.42502757,2.627878063,411.053927,1.762625671,29.12053788,56.18473877,348,Urban,1/4/2000 1:00
47.30161313,72.54091577,33.818678,47.29542767,4.563792203,99.91715057,2.128080729,419.8011839,1.92818077,29.65617326,42.10089117,301,Urban,1/4/2000 2:00
98.34756426,106.3313642,134.7042727,32.73082631,24.59913755,159.4158589,1.822725772,464.82802,2.238210812,34.58731588,38.31422339,141,Industrial,1/4/2000 3:00
42.8617492,53.21507752,116.6801523,56.13969821,5.920150021,75.00537434,1.523270415,417.2487601,1.912615775,26.93494532,69.46991545,318,Urban,1/4/2000 4:00
79.25804436,133.4963898,116.3183394,75.73614619,20.83226104,164.7735379,3.202418051,549.1060028,2.308678005,31.93800609,41.61458627,240,Industrial,1/4/2000 5:00
40.15272853,77.91272944,102.4136316,25.00163089,6.262892587,129.0768435,2.054334416,402.9123236,1.833930578,29.99397479,66.92308444,226,Urban,1/4/2000 6:00
69.42183896,105.9275987,220.721291,84.06757452,15.79944961,154.9409348,2.746225482,511.6760075,2.663049731,35.16721931,51.52572112,225,Industrial,1/4/2000 7:00
53.77179523,94.85319399,176.5230251,55.73974313,15.79545601,149.7516578,3.486332722,478.7834641,1.455757351,31.25955352,52.77223354,185,Industrial,1/4/2000 8:00
67.38003881,84.76868389,41.03713869,15.66283034,8.314723003,143.2830145,1.348682847,395.4677935,1.946752494,27.19409182,60.02026636,44,Rural,1/4/2000 9:00
45.6667469,77.53943386,134.5539748,46.48709888,4.665763839,82.93427373,2.603254483,411.8306433,1.873734662,29.21332238,64.96402534,11,Urban,1/4/2000 10:00
82.86648602,120.928731,109.2043158,81.19380349,23.22742091,214.8976417,2.784555236,504.3830066,2.574815105,36.15490656,63.88976012,318,Industrial,1/4/2000 11:00
62.21869993,112.0221502,173.1127565,80.15155406,22.59319824,131.2587983,3.526331833,519.5379816,2.291373511,32.9168598,37.24083253,209,Industrial,1/4/2000 12:00
38.67102267,52.11291919,96.72403983,19.64759759,6.464247215,101.60138,1.149503224,415.9350712,1.554026124,29.64451936,63.84428646,156,Urban,1/4/2000 13:00
43.34085719,52.57944947,81.91407965,47.31145529,5.861680489,84.86615328,1.828155826,435.4920948,1.576682839,27.65731398,61.73268018,161,Urban,1/4/2000 14:00
29.98152691,95.98776287,29.17848822,20.58647916,8.685450693,111.4188305,1.727906912,394.4770856,2.128544552,31.98745759,53.93734633,180,Rural,1/4/2000 15:00
77.57561382,93.17450658,107.216234,79.09247636,12.56614609,159.4927822,3.31125863,480.0928927,2.767221425,29.56441275,47.99740247,63,Industrial,1/4/2000 16:00
32.2310116,59.6191643,95.67412803,33.1184031,9.944558925,70.08267644,2.511760761,409.0637105,1.874426278,30.95774433,41.18856476,213,Urban,1/4/2000 17:00
70.69093604,128.7342793,154.8828624,56.32308267,19.92981445,138.5045245,2.573353093,477.0701758,2.51875082,31.43905199,61.47600457,76,Industrial,1/4/2000 18:00
33.20988033,49.02184372,104.8852571,29.37367223,6.977765475,92.46619613,1.753268592,415.5501668,1.855102112,28.40290937,61.19427179,8,Urban,1/4/2000 19:00
107.1797019,127.1585146,161.7978945,80.22167621,17.10268363,182.6702995,3.080173356,519.0029094,2.440614062,35.63455645,54.30733086,296,Industrial,1/4/2000 20:00
76.67131321,95.70962089,169.5084472,93.51029503,18.50848253,214.909695,1.90969205,521.087271,3.001456071,32.59193884,61.15498337,308,Industrial,1/4/2000 21:00
34.75645408,92.13405538,143.1885793,44.3632367,5.076006956,82.40062653,2.306758986,409.7720743,1.748524693,26.66283185,66.04817516,158,Urban,1/4/2000 22:00
96.96879186,114.5050501,191.5332634,81.36183624,20.14298388,197.4069776,3.666605423,558.9242565,2.377163427,33.15323221,46.8654551,227,Industrial,1/4/2000 23:00
18.67047719,51.40847363,120.012456,41.79274604,6.065719786,54.92383532,2.688401746,427.770161,1.880325101,28.62877944,67.27097562,86,Urban,1/5/2000 0:00
28.37297896,95.99760851,3.90158207,16.89284434,7.785348009,81.60120202,1.420024061,381.5247651,2.308451189,33.41349127,69.87863837,230,Rural,1/5/2000 1:00
31.37559059,43.20495158,67.63296311,51.60826787,4.064597597,86.93007763,1.976539711,424.7704083,1.815364378,27.43401555,50.11009529,349,Urban,1/5/2000 2:00
33.36532663,42.82233864,114.6940746,41.15151799,3.515960517,53.90689208,2.702271687,403.9445659,1.900763139,25.69224151,63.4537099,119,Urban,1/5/2000 3:00
49.35186747,93.37729307,26.96691538,16.89863093,7.346238441,86.22629714,1.519354047,383.1245655,1.973816805,24.89513541,78.01625053,324,Rural,1/5/2000 4:00
82.86406626,102.1087354,123.5667855,94.23937755,29.85834375,143.6059399,3.047427501,508.0022895,2.544409527,29.65140456,45.27960464,293,Industrial,1/5/2000 5:00
58.2981938,51.28169331,36.12773905,9.732922184,6.752462079,147.8507838,1.42372704,392.1743287,2.174013546,29.48704566,78.33842658,113,Rural,1/5/2000 6:00
53.02161755,60.69585647,33.73396192,17.53507882,8.396578755,93.50985444,1.572258186,397.5174027,2.167836974,33.44611805,60.45721002,191,Rural,1/5/2000 7:00
57.06171088,65.45715922,33.40600019,22.17590775,9.128805976,108.8887657,0.826085842,380.6627775,2.209384026,29.70985092,72.86855404,278,Rural,1/5/2000 8:00
99.34634793,114.7720015,153.6149988,54.569885,13.60988708,100.6877785,2.380385551,531.0512363,2.03418188,32.39292803,46.19755375,101,Industrial,1/5/2000 9:00
47.03632551,57.39791428,40.89664865,22.6698906,3.501808544,82.92519174,1.523656849,401.2611703,1.909151145,27.94019381,60.23743483,11,Rural,1/5/2000 10:00
35.8960816,42.27909025,96.25030272,23.65704664,7.044881905,36.28579035,2.42745019,429.794109,2.063752923,30.17371833,52.92586275,335,Urban,1/5/2000 11:00
91.38392885,125.6238285,153.1260331,69.06110308,16.23017706,141.5797477,1.81493023,498.0332075,2.203422668,30.79282137,59.09077693,290,Industrial,1/5/2000 12:00
26.71071919,62.45216219,82.07834449,55.5867991,2.882721301,81.26330919,2.164657893,423.9482574,1.683752965,28.2089812,63.80221774,297,Urban,1/5/2000 13:00
77.84231344,135.9241762,164.3101116,35.84630953,21.23748898,217.513643,3.927688336,508.4402632,2.182182361,33.95510743,45.82317557,169,Industrial,1/5/2000 14:00
32.24676776,71.27063981,118.6791306,32.99168321,6.605803236,68.79103697,2.909786523,411.7180602,1.847895492,28.43596473,53.55303036,241,Urban,1/5/2000 15:00
73.29280306,108.278858,147.5922286,86.39906358,13.44079936,154.3275007,2.255618848,485.1990616,2.667622226,30.62010989,42.70651543,76,Industrial,1/5/2000 16:00
78.67576927,171.5941868,125.889763,94.58675208,28.38850407,133.3923527,3.398288155,532.5679325,2.386261678,32.59283928,37.56974749,352,Industrial,1/5/2000 17:00
18.68499179,83.71431442,64.07083098,27.77762203,2.955129241,121.5989185,2.24669165,429.6540797,1.839233509,28.79622558,48.1344231,199,Urban,1/5/2000 18:00
39.62626335,91.76783924,70.68491858,27.66531899,6.389995802,118.9308568,1.869750719,437.2683384,1.819286744,28.63822544,68.72875854,332,Urban,1/5/2000 19:00
60.73452276,82.49931374,26.73163707,9.051192291,10.49828128,92.49765097,1.49199244,393.8361197,1.817360219,27.15345826,79.22493886,117,Rural,1/5/2000 20:00
47.130977,62.1257537,157.9832385,43.93317839,5.384098233,73.81767072,2.066770452,418.4753016,1.941621735,31.91340463,41.08481142,150,Urban,1/5/2000 21:00
35.56812647,46.03780684,11.63794627,17.53995663,5.793266788,46.17773518,1.655431442,414.9299952,1.998785818,30.51547232,79.76474044,100,Rural,1/5/2000 22:00
80.39183647,70.62914168,176.5934459,35.5903549,27.38073055,182.507547,4.241948753,505.2053112,2.39158427,32.09979773,59.56205012,162,Industrial,1/5/2000 23:00
88.04764765,102.0306404,150.8454347,69.86321505,25.42947783,164.240947,2.982481129,516.355326,2.917062265,34.11562061,40.24515882,24,Industrial,1/6/2000 0:00
35.40553295,76.32786326,39.507963,-1.942140413,7.7839246,98.28022884,1.335171018,393.0169513,2.131503921,28.42615283,76.28315578,315,Rural,1/6/2000 1:00
45.58864091,65.84739256,16.87720615,7.186726074,5.337540415,106.9582265,1.468368501,375.197159,2.129183565,32.12292854,58.92065145,82,Rural,1/6/2000 2:00
36.49048338,85.38029128,35.48529859,10.38783657,11.04234428,133.7070016,1.206797575,382.5671,1.881434413,26.47800167,69.67171018,230,Rural,1/6/2000 3:00
43.77078769,70.10347715,142.8631767,29.40614456,5.760717061,36.52357488,1.341522213,419.2514661,1.883641323,29.79636852,47.45740773,61,Urban,1/6/2000 4:00
40.30122232,69.72652368,38.63100226,11.01779909,8.21769126,72.0342143,1.102357507,389.69061,1.607968398,34.18167585,75.33071248,182,Rural,1/6/2000 5:00
40.32484072,79.96899997,40.91551424,17.6650704,10.02380662,108.0263083,1.697838299,388.8334279,2.093009092,28.49995849,74.26650385,47,Rural,1/6/2000 6:00
53.13511046,61.21759465,51.57308213,11.97142538,9.484190744,107.4823145,2.020696516,405.615112,2.00640083,25.73974639,54.50507002,86,Rural,1/6/2000 7:00
32.71017139,61.35064256,105.9240354,35.45179684,3.395014534,105.9762265,1.509541279,406.7208193,1.936053076,32.31562968,45.55586704,260,Urban,1/6/2000 8:00
47.55198484,62.82624012,96.85152568,32.82514814,5.059558526,63.04040245,2.087009278,422.4573398,1.62772326,28.23907607,42.07762919,216,Urban,1/6/2000 9:00
71.24963042,120.7718388,193.6685607,96.98907363,23.72900626,167.8028752,2.402384426,507.184188,2.667046252,32.57925968,41.73846836,152,Industrial,1/6/2000 10:00
92.90306363,77.40973852,116.5657252,64.46530832,21.57520245,145.0085001,2.967883453,540.8596905,2.136262816,35.27097003,61.3780598,267,Industrial,1/6/2000 11:00
33.32878286,64.23869926,93.78272185,56.07345576,5.981949903,94.69755572,2.331440634,431.7347386,1.836204312,27.4063361,69.54009219,21,Urban,1/6/2000 12:00
52.29891155,64.50288244,108.0622679,33.1766937,2.607805536,79.2052219,1.513125176,402.2738987,1.960689162,31.70433358,58.35821516,117,Urban,1/6/2000 13:00
66.73650034,81.22387942,33.2865216,19.50114329,6.75524361,111.9522499,1.399812784,389.8037651,2.165690903,25.21986069,79.75429854,103,Rural,1/6/2000 14:00
83.67527893,116.0514092,111.1939277,86.16930843,23.796055,167.5165888,4.081168203,518.9038745,2.705969802,28.5735453,50.72477512,233,Industrial,1/6/2000 15:00
27.15101687,69.72420651,96.97629628,44.19532444,3.225015644,71.25083399,2.361190679,416.2716685,2.14539277,29.20072763,66.58587341,226,Urban,1/6/2000 16:00
38.93911973,46.87461889,89.59514993,28.19217937,6.960969999,74.88237285,2.896077955,420.8110024,1.756051939,29.36635648,61.08830323,253,Urban,1/6/2000 17:00
60.12407577,54.91710495,92.34116348,40.65593846,7.180549013,51.58030878,2.227546368,411.8257482,1.910654538,29.01248012,55.60889731,172,Urban,1/6/2000 18:00
30.68204211,46.70936319,78.91848489,38.64757104,5.96011916,52.69075956,2.094923918,425.7675807,2.172361157,27.84661966,63.56954854,197,Urban,1/6/2000 19:00
48.64536371,45.21955227,37.1799031,23.37773697,11.35958337,118.3723376,1.266635058,376.9909824,1.719958991,19.58134867,63.05541198,191,Rural,1/6/2000 20:00
31.66304385,69.07040521,32.05686375,13.10772974,2.257434674,95.9773773,1.860070795,397.7810919,2.070955696,24.70641292,54.06062247,30,Rural,1/6/2000 21:00
79.19383237,136.2591422,121.3781476,55.6959308,14.65374703,91.90443796,2.663858338,514.2817223,2.552174825,32.66149823,36.39501759,337,Industrial,1/6/2000 22:00
10.7575974,73.26068095,118.4210974,37.18672443,5.133981434,90.31878435,1.218727072,414.7094732,1.958852936,27.49142115,45.94292898,304,Urban,1/6/2000 23:00
86.99644974,119.2871704,101.5460455,87.47109032,16.32704212,125.6924269,3.140398438,522.972747,2.195253454,33.1233597,60.8041908,42,Industrial,1/7/2000 0:00
82.64662333,112.6594432,125.1722934,71.29215825,14.63930494,62.3594855,3.305591863,518.0786968,1.791120269,30.98053859,54.52920401,85,Industrial,1/7/2000 1:00
94.16736459,106.2154186,140.9259949,57.77554023,9.334334825,148.9039995,3.089916216,521.31722,2.738631476,34.6179058,35.53837036,231,Industrial,1/7/2000 2:00
40.67431915,79.20547902,33.17471935,14.84040753,7.877913149,81.60353877,1.533338828,398.8128478,1.805310652,27.98380787,69.70340314,88,Rural,1/7/2000 3:00
26.86645352,56.92079589,66.06492601,37.37216611,7.541262121,65.85389319,1.528308475,408.7609853,1.571647181,31.07115489,66.90873791,209,Urban,1/7/2000 4:00
87.27099226,103.0728669,130.693505,85.44941226,18.32612334,137.8905461,2.331414194,508.4719813,3.118757476,30.86493417,37.50392255,31,Industrial,1/7/2000 5:00
49.08141248,60.2355748,19.42284352,14.79492289,6.154974539,129.3431749,1.155231849,393.6354594,1.87931554,28.83118825,50.88092477,153,Rural,1/7/2000 6:00
82.91576452,112.9366741,160.1545153,65.56897885,20.84230488,189.5279261,2.295420204,522.7975712,2.89513452,32.76386295,48.77795592,212,Industrial,1/7/2000 7:00
91.05136633,108.6607805,152.0933764,85.63029225,17.71480832,140.9434648,3.17054275,490.8181787,2.757127599,32.66219844,57.19013902,337,Industrial,1/7/2000 8:00
42.63591101,78.85589935,62.0387764,52.43852933,4.793953597,104.502647,2.018975218,421.3554459,1.874486929,28.41986735,49.75312046,247,Urban,1/7/2000 9:00
73.96899883,130.4852936,134.7241428,81.66296861,26.87933087,180.37638,1.64471928,502.5169394,2.808604783,30.36650231,63.14914455,38,Industrial,1/7/2000 10:00
84.23311464,134.9312019,138.6201024,52.91998092,13.43167346,132.622343,2.333704668,493.9276659,2.892273643,32.24544359,49.37210189,280,Industrial,1/7/2000 11:00
30.94375009,58.98913146,113.5217306,48.84751055,7.006426399,121.1370444,2.284679723,442.344789,1.644703638,34.1825698,46.55329549,316,Urban,1/7/2000 12:00
33.80127453,56.72068933,102.1460099,34.19971998,6.659924346,68.94329931,2.327805199,435.2772362,1.728579526,31.58876684,50.2121753,119,Urban,1/7/2000 13:00
53.81165611,58.31203639,30.83122466,12.66448297,6.532424052,100.9015848,1.63901215,401.6350877,2.053031105,29.9257916,74.87860398,215,Rural,1/7/2000 14:00
38.7850482,74.33887259,29.24176378,19.3775399,7.222851794,77.87959083,1.360406121,386.449161,1.984493237,29.90362086,73.66406792,178,Rural,1/7/2000 15:00
35.75433639,35.97051282,93.8484378,31.56753405,9.341885435,76.48228375,2.061602403,425.5148538,1.808720489,33.39010208,59.02312094,261,Urban,1/7/2000 16:00
81.59268152,110.6089564,144.1410691,74.56992743,7.490985693,104.0017619,4.607510154,489.8677899,1.744770069,30.10011964,49.22865261,176,Industrial,1/7/2000 17:00
76.92597443,120.1373651,182.5343875,61.3370486,22.40073068,231.926017,3.264145492,496.3902042,2.266254504,32.61133691,53.51199548,343,Industrial,1/7/2000 18:00
45.38239593,61.29551351,89.10424148,40.69294061,4.412922316,82.26268475,2.379053099,419.127844,1.726086229,27.75296759,61.89580927,71,Urban,1/7/2000 19:00
48.20551981,79.15705042,14.18809298,19.47519157,7.033877897,103.6698253,2.144888251,398.9683932,1.94629387,25.32642332,63.68709527,81,Rural,1/7/2000 20:00
47.3207494,55.26489977,39.19747614,15.56959814,4.651111472,77.59526344,1.289482188,405.0581829,2.266036617,31.98090559,76.64117193,265,Rural,1/7/2000 21:00
62.88830887,120.136062,163.548981,53.87651414,21.04956045,200.5991756,3.391138849,518.3509041,1.764277923,36.1159377,37.53177142,356,Industrial,1/7/2000 22:00
36.59856392,44.58487289,131.642696,31.33825152,6.938914401,88.54388724,1.676886345,437.7531089,1.561272634,31.83830835,49.18940496,121,Urban,1/7/2000 23:00
20.9030623,66.97471245,76.77550114,18.43898969,7.992014425,89.1445975,1.960864668,416.5439049,2.0794159,36.1743103,44.96885041,6,Urban,1/8/2000 0:00
33.42714894,62.25718056,30.4957852,14.19327894,5.174663164,130.3329102,1.439757632,382.8624614,2.222060472,24.44978144,68.17337748,175,Rural,1/8/2000 1:00
108.3708177,110.7580796,148.6208998,52.80002928,20.02746275,135.7288421,2.928510092,508.1851678,2.170556357,32.27637732,35.70056289,314,Industrial,1/8/2000 2:00
79.3914226,96.42673821,151.3834232,69.23721218,12.98121677,106.4050456,1.163348235,475.586599,2.504296977,33.31237565,37.64605111,58,Industrial,1/8/2000 3:00
33.92697856,66.71575389,60.7280962,28.73232531,2.612149987,82.8588619,2.8662575,442.3130015,1.92761022,31.00168895,53.21324051,41,Urban,1/8/2000 4:00
51.51391871,85.27779705,30.30495505,8.3895034,5.770629277,118.6564927,1.568332759,402.6020741,2.058652421,24.45095502,79.99141412,110,Rural,1/8/2000 5:00
38.73717823,80.16665469,37.10332496,19.27554316,5.902951774,69.97424585,1.424078992,404.4007352,1.861226336,29.36491567,75.57673346,100,Rural,1/8/2000 6:00
57.1321807,124.8184999,157.9765889,96.5367505,18.19118466,158.4036417,2.53416021,517.4633886,2.462614661,30.65481678,64.42962134,235,Industrial,1/8/2000 7:00
44.37576374,99.54748508,29.16398861,5.377559195,13.34702194,123.9208433,2.332939498,378.4268001,1.955634644,30.02320372,71.7714939,218,Rural,1/8/2000 8:00
46.9395626,54.94653262,110.3674632,54.91919646,7.331612038,75.91090041,1.932372837,430.0356656,2.266648881,30.38456535,67.7914782,207,Urban,1/8/2000 9:00
71.87691648,78.28127091,40.84527046,17.44970291,10.4285393,78.30000001,2.078773415,391.4093889,2.241853222,23.68130784,52.07088623,140,Rural,1/8/2000 10:00
92.00614288,135.0858266,185.6674011,80.62455771,21.75724104,182.1045071,2.981435119,482.362507,2.451079911,31.51019471,47.21319467,357,Industrial,1/8/2000 11:00
87.05483466,82.88324458,182.9026028,98.2065272,16.42041575,160.0848014,2.668579334,512.5661385,2.150197333,32.85710869,56.30330169,183,Industrial,1/8/2000 12:00
25.01970163,48.5485299,121.8229797,33.70094745,4.690150796,94.0147257,1.860804415,426.3336131,1.491841392,29.73496664,59.21428127,268,Urban,1/8/2000 13:00
25.16497563,91.65602764,21.45327055,16.67518563,8.015928565,125.0927381,2.374995532,377.0963552,1.870217224,28.56727748,70.47851664,13,Rural,1/8/2000 14:00
26.22103957,66.0905197,19.15466207,9.918754128,5.985632612,104.1931456,1.590520374,394.2745592,1.775387888,27.02732554,76.45976509,247,Rural,1/8/2000 15:00
72.13867403,123.0470974,125.327402,86.81546001,20.00103532,149.7209904,2.770473698,503.1038137,2.747529479,31.26573957,44.48810449,138,Industrial,1/8/2000 16:00
42.96660915,72.69275461,40.69608262,15.94814062,9.717026307,103.7849422,1.455058443,396.4125039,2.120657207,27.49109764,70.25420183,185,Rural,1/8/2000 17:00
81.17523003,108.9025657,124.7279855,76.15713766,22.75047529,139.1990366,2.594044075,483.3948962,2.614676482,31.39204585,63.31946916,200,Industrial,1/8/2000 18:00
47.43963532,64.87570536,25.61890176,15.69888485,8.815850035,96.87560534,0.366992172,390.1689072,1.711703588,27.3716423,61.06121513,235,Rural,1/8/2000 19:00
47.63900581,46.13028894,46.216001,11.89186413,9.867567826,91.86592804,1.835003149,403.068741,2.129627454,30.26756488,51.07816025,215,Rural,1/8/2000 20:00
46.65958428,63.8815389,54.67203711,10.03820857,10.00417043,112.9299209,1.591948883,404.798861,2.059675491,26.09527924,57.25666651,101,Rural,1/8/2000 21:00
42.25680102,52.10171126,4.376663412,14.04486119,12.82523084,119.6151072,1.492295848,387.3710917,2.004493179,29.64135735,70.32626802,339,Rural,1/8/2000 22:00
24.64585119,64.08637165,25.58031803,13.31963007,8.463296031,127.446059,1.423317634,383.0838243,1.774690638,26.59545163,63.06522876,223,Rural,1/8/2000 23:00
94.71280174,105.1554096,85.15319,73.83360481,24.94334585,109.4566271,3.469153928,513.5393277,1.817951122,31.12742274,44.08747186,194,Industrial,1/9/2000 0:00
38.12069598,62.24897505,84.50164531,64.07377584,5.345188208,71.14549896,2.075809414,420.254267,1.83756051,26.81256597,59.52872005,330,Urban,1/9/2000 1:00
61.09752852,107.6727718,138.7441086,65.23427355,26.40821898,166.7307318,2.22197943,504.9300956,2.649466525,35.28029808,46.64497118,320,Industrial,1/9/2000 2:00
52.66221433,65.73816515,27.37021196,5.82144363,8.660130002,115.4981583,1.064367954,388.4417853,2.007572383,29.75371788,57.25679882,60,Rural,1/9/2000 3:00
52.85584995,73.32374997,32.81735064,22.84169638,7.659640667,67.14831729,1.934878074,391.8183904,2.190734336,27.86570558,70.23046937,208,Rural,1/9/2000 4:00
73.5613337,131.7710654,102.0562694,76.93258999,30.12154812,109.1047799,3.132794317,486.7603564,2.627766162,33.03829555,57.71930621,140,Industrial,1/9/2000 5:00
49.89187504,79.5178259,19.42528808,11.25094296,10.97173655,94.48568831,1.622405759,400.5466631,2.092688614,29.63956789,61.30956626,155,Rural,1/9/2000 6:00
89.42937849,94.61209587,129.1298587,53.73712913,22.34785909,171.423105,2.892321781,482.5414065,2.494075272,32.02684022,54.87302035,9,Industrial,1/9/2000 7:00
69.9587779,38.04891062,156.4187849,36.92576555,4.830874002,66.55443456,2.391418582,405.6022579,1.431934193,33.22034306,65.41815003,256,Urban,1/9/2000 8:00
35.14273068,45.69090871,89.82409218,46.86318457,5.211788906,91.68825961,2.988220292,404.3575839,2.123442515,30.20871188,48.47488198,187,Urban,1/9/2000 9:00
93.18764452,116.9560004,140.5212382,86.54696059,23.30997784,166.1693393,3.078760998,519.6630442,2.303107183,31.41461144,43.87084022,111,Industrial,1/9/2000 10:00
40.60522153,77.98984414,30.11141563,18.54820645,10.53125907,90.78010158,1.308573103,399.5772765,2.207409458,30.2217726,69.63952061,322,Rural,1/9/2000 11:00
36.12612231,144.956224,144.9841157,79.99249098,28.34614377,223.032259,2.545124965,502.6791981,2.910050938,31.31144196,41.01680753,102,Industrial,1/9/2000 12:00
24.12754061,43.71262307,116.9843321,28.51205965,6.332625002,89.25182586,1.137096636,413.2243535,2.038821881,28.03766894,64.503384,205,Urban,1/9/2000 13:00
40.69668817,55.16694085,37.0536521,11.24436972,5.656660284,103.5503853,0.98400553,372.0053607,2.026651447,22.75233987,58.06540227,9,Rural,1/9/2000 14:00
46.3898932,114.124067,154.3378351,77.37212596,20.8600785,118.2206214,3.499142827,519.2027701,2.138271361,32.63798772,40.40587262,197,Industrial,1/9/2000 15:00
47.76084911,78.9593756,36.65924252,17.10793305,9.677881001,84.56867034,1.276679298,378.9984577,2.087900246,30.33680951,71.81170285,174,Rural,1/9/2000 16:00
104.5120249,77.13265352,144.5129503,40.52349138,7.824681551,154.3227914,2.720593745,505.997019,2.645838307,35.49579192,60.29834273,246,Industrial,1/9/2000 17:00
42.74131462,44.97844385,104.8301856,53.19644494,8.638446367,80.79872794,1.881028226,422.6902407,1.848727409,32.77351613,51.89661046,42,Urban,1/9/2000 18:00
63.2428801,99.75810228,161.2972205,82.14786762,16.75304153,173.1628437,3.77810506,538.69412,2.520924055,31.72047095,43.62898187,330,Industrial,1/9/2000 19:00
74.50248417,94.39749386,146.632576,80.54430688,21.32322003,178.4436432,2.490018484,474.4388304,2.426245006,31.77152676,55.32622837,46,Industrial,1/9/2000 20:00
46.97692545,69.2706697,37.00925715,19.27576683,8.527678008,90.99063384,1.689349002,403.356559,1.994542012,27.19823166,79.31312699,321,Rural,1/9/2000 21:00
50.13597975,50.79958781,83.93106743,57.0152107,2.783485076,46.77513675,1.585742282,413.3721552,1.450509383,29.74391659,48.62384995,73,Urban,1/9/2000 22:00
67.73897283,128.7134982,114.4226697,75.17345512,28.82854633,131.1635036,2.379831981,498.1765153,3.113745186,34.54207784,56.11376933,133,Industrial,1/9/2000 23:00
92.17094832,97.03473422,174.5633293,93.06897878,14.38727597,122.4749154,3.712363027,505.4299062,2.665442883,33.68117843,41.07897902,277,Industrial,1/10/2000 0:00
58.33223994,148.606932,154.2616743,62.48677838,23.10609273,145.1136127,3.490926896,501.3396362,2.716716378,31.21093462,53.51747063,287,Industrial,1/10/2000 1:00
52.75556843,49.88194131,46.99632417,14.9314195,9.456097725,91.92938841,1.604355626,392.9712735,1.436013814,29.74734437,79.8878686,347,Rural,1/10/2000 2:00
50.68239759,79.35552183,120.188275,30.26757687,5.718366098,91.35883486,1.650697582,411.2948289,2.141002829,29.39839338,58.20195174,330,Urban,1/10/2000 3:00
17.81249107,79.12483679,119.2044891,36.66828335,4.731906833,31.85311586,2.45837246,413.0726854,1.866058173,25.02287548,47.6007151,90,Urban,1/10/2000 4:00
35.84056675,70.68288104,36.83328993,13.9534309,10.1459561,159.0968124,1.185605587,376.189554,2.060763719,30.16468752,73.6216108,340,Rural,1/10/2000 5:00
56.99195653,65.73261416,40.54666579,17.18040978,14.52098216,98.67759986,1.653144917,385.2057526,2.000537068,19.8944946,73.55293142,185,Rural,1/10/2000 6:00
36.71536049,70.07367414,37.93169367,14.91732125,8.504120685,90.59669048,2.199689681,379.8175036,1.860152357,26.52292578,54.81387843,132,Rural,1/10/2000 7:00
92.84088835,139.1557947,143.7321454,89.018832,19.47937923,173.3926649,1.863950693,507.0686173,2.41855556,33.31104485,61.17907408,236,Industrial,1/10/2000 8:00
51.58660602,65.41079572,28.7454574,16.63939762,8.171786013,44.51749068,1.408080148,381.4859357,2.035042284,36.95577701,55.81589204,117,Rural,1/10/2000 9:00
48.41189339,73.92097383,24.90141462,4.629620201,7.574383477,99.06565351,1.353108404,371.6382554,2.318946801,26.08341542,61.54410852,111,Rural,1/10/2000 10:00
36.12104947,86.1695876,92.97450882,44.24966116,3.440687439,74.24213987,2.05287474,404.7278008,1.516475213,31.1997186,41.73196478,245,Urban,1/10/2000 11:00
26.33277025,41.61348275,111.2172442,55.56049439,4.921991599,84.44868274,2.268188926,423.6656576,1.630617534,33.43969242,62.60783892,353,Urban,1/10/2000 12:00
45.15228092,56.38153401,113.7219711,62.19201272,5.503673501,61.66230617,1.832134503,412.1055464,1.886697943,28.38786488,46.18756342,324,Urban,1/10/2000 13:00
53.98907813,89.95819088,35.37315658,21.67175163,8.837729495,121.5969955,1.87495646,387.7664946,2.145200687,25.17806531,76.44690365,309,Rural,1/10/2000 14:00
37.80636404,86.37930726,109.3026368,43.89159196,4.893758694,104.4713776,2.548234617,413.7432271,1.536150561,29.59403873,65.64922059,270,Urban,1/10/2000 15:00
26.99961436,59.04713138,130.9359534,35.42698345,4.914353237,81.1604547,2.424215441,397.5311067,1.678659941,30.42256738,51.26406785,44,Urban,1/10/2000 16:00
35.99033634,68.31497663,37.04534799,22.4488257,6.229800584,136.4269656,1.318975332,388.7009022,2.116286504,27.39029176,61.37679612,61,Rural,1/10/2000 17:00
74.15697513,141.0395991,127.1062684,73.73393643,11.69758666,204.5891806,3.844586355,555.002144,2.901509119,30.74069954,57.75505643,354,Industrial,1/10/2000 18:00
45.74247234,82.89279476,81.9840082,45.28831302,5.301740427,77.64251871,2.178001315,422.1799741,1.908281514,32.88343352,59.62398211,291,Urban,1/10/2000 19:00
46.64731363,90.9196142,22.06874655,20.30406843,11.28106714,83.61052507,2.047755069,372.3942141,2.077920079,24.31420445,75.84541122,221,Rural,1/10/2000 20:00
35.15618334,73.53415761,77.3060955,55.19283924,6.021584177,100.6116117,1.671082723,428.5452523,1.58161322,31.780495,68.17205438,221,Urban,1/10/2000 21:00
82.39947284,89.37543874,145.6189018,89.35565127,24.49140928,111.4099756,3.429817953,510.5678562,2.604967036,32.94428889,58.60125022,356,Industrial,1/10/2000 22:00
28.58541235,66.82521092,95.26512148,25.12766132,3.87678593,48.72620629,2.490046768,423.5588938,1.728901878,32.84104269,46.03195456,231,Urban,1/10/2000 23:00
30.6052146,84.49281281,83.26310937,42.75221289,6.487753249,91.79896969,3.224729899,408.2369674,1.584707384,27.68049111,68.83478247,186,Urban,1/11/2000 0:00
41.44897895,89.78879299,19.6826542,20.56680253,8.07025334,72.27508267,0.799452017,374.7242951,1.866829318,27.49254647,69.14966719,18,Rural,1/11/2000 1:00
106.5315767,110.1571297,109.3794492,61.70211725,23.51820808,154.7747684,2.85546331,511.209628,2.058758475,33.2823386,64.86893328,267,Industrial,1/11/2000 2:00
58.69026595,69.66713341,37.01849285,14.69023627,9.30898498,100.1458387,1.324956697,400.5874383,2.040410923,29.95716615,51.63172246,58,Rural,1/11/2000 3:00
45.11463035,80.12213873,81.43789419,35.14694165,7.461749026,113.7002856,2.28144043,411.2018565,2.197412222,28.9380582,65.12101239,141,Urban,1/11/2000 4:00
82.53608794,111.9858139,90.2034353,39.24477518,22.94804773,158.0073623,3.307063544,502.6894568,2.564370221,34.93804675,60.01375853,321,Industrial,1/11/2000 5:00
36.51110437,71.47914658,56.52335922,51.12905667,3.385129197,77.01989601,2.465785634,422.6126668,1.866388511,31.59835764,46.33695494,44,Urban,1/11/2000 6:00
59.55385182,60.93815994,23.96792104,11.81737138,9.732639901,140.191023,1.732866818,391.5716235,1.911168928,28.98811944,60.42521247,308,Rural,1/11/2000 7:00
76.91210854,105.0684331,144.6967751,46.77072552,17.54423126,141.4537352,2.820674173,495.1700511,2.48147074,33.95888304,43.35105445,359,Industrial,1/11/2000 8:00
40.43296664,41.7311456,88.78208578,50.90434341,2.291439891,59.93775968,2.099648655,422.8672984,1.702230031,29.44313423,64.87942702,10,Urban,1/11/2000 9:00
61.22434171,75.07937333,32.36417862,9.684910042,5.668656819,100.4510412,0.929448431,397.8136222,1.83067075,27.92602816,63.78752172,312,Rural,1/11/2000 10:00
33.04389981,87.69611739,18.54341429,12.47751758,9.259829724,49.01421254,1.56958446,379.6092643,2.00330988,26.94383318,64.12602069,200,Rural,1/11/2000 11:00
30.1286642,90.62153073,137.2665389,85.53737858,18.63438824,181.6329496,2.631686353,460.7141496,2.352531652,33.68989,40.89257648,336,Industrial,1/11/2000 12:00
35.42932245,80.1701418,102.3577145,57.27482738,4.472509224,100.0530183,1.560864963,429.6195662,1.846518982,29.56049901,54.7229502,245,Urban,1/11/2000 13:00
71.77596808,136.6666782,116.8541162,73.30812141,26.08979576,134.6041091,2.497456776,495.3895075,2.853917563,33.38821526,58.87779161,189,Industrial,1/11/2000 14:00
82.03103724,86.63122492,225.8869352,79.36629118,23.3505002,190.9745326,2.593423233,502.6090822,2.104203426,31.78410311,42.96110335,272,Industrial,1/11/2000 15:00
25.00247199,48.24716724,117.531389,41.81609066,5.859249881,107.3029752,2.432264954,435.1888658,1.815995299,33.22358118,61.12249814,12,Urban,1/11/2000 16:00
38.68502572,94.99008001,26.14978188,16.91494492,8.28251428,46.735838,1.807282887,392.1539651,2.101653728,39.77871312,51.50729029,179,Rural,1/11/2000 17:00
90.84479395,110.9251677,169.4768637,81.36090203,16.76183943,116.2941264,4.072329942,496.1540193,2.567454645,33.97092905,53.32312192,41,Industrial,1/11/2000 18:00
101.4367553,107.7009912,159.7504241,63.30635989,23.77041585,116.4517754,3.520001636,502.277388,2.308002455,32.66755703,35.57466457,191,Industrial,1/11/2000 19:00
34.99218775,67.49274379,23.84770809,6.793733988,6.006814527,69.19197132,1.983380203,407.0282701,1.780913309,29.63822054,58.86963625,37,Rural,1/11/2000 20:00
26.10759172,74.32950837,121.9011698,54.72670676,3.792038748,75.40902689,1.180257919,416.0752889,1.999314102,29.06700924,68.06453541,207,Urban,1/11/2000 21:00
21.11609859,56.74074455,87.56830965,33.59095651,2.965926661,98.8251571,1.677806536,400.0505471,1.852859564,31.45039895,48.19121858,210,Urban,1/11/2000 22:00
33.61300175,101.4525376,39.32191564,13.81722356,10.27124029,72.34266219,1.170194335,383.9141028,1.894204458,24.83032707,62.89872859,115,Rural,1/11/2000 23:00
85.28757453,108.5929727,95.38190098,74.05086038,10.43872512,147.9409786,2.042179473,539.74552,2.773408817,33.21150758,45.3187306,302,Industrial,1/12/2000 0:00
35.43083008,56.15173529,147.4103101,42.19784323,7.785090507,39.01752227,2.407084742,412.8448318,1.653691486,29.50328395,57.55235327,196,Urban,1/12/2000 1:00
82.23365114,106.4111815,162.7002585,101.2114886,11.2783464,167.4673343,2.953817765,509.0131111,2.37078559,32.70788023,36.58295774,75,Industrial,1/12/2000 2:00
57.42686011,122.5196791,150.8989632,72.95540249,22.07988311,126.0601979,3.191239439,508.8639732,2.353482481,33.840236,36.55357666,89,Industrial,1/12/2000 3:00
84.24183045,114.1857851,170.9119582,66.4125043,13.55117209,158.0096096,3.160582273,478.3772577,2.725160835,34.39644167,43.27272213,162,Industrial,1/12/2000 4:00
43.29590864,56.34066164,36.40397185,15.74485975,5.812885708,79.43822718,1.975087671,405.3556238,2.107745795,27.36617423,75.34586982,43,Rural,1/12/2000 5:00
37.66672764,46.39487762,104.495777,44.87413927,4.567095554,67.39427112,0.907351576,431.4383673,1.880660078,30.85523456,58.3549306,144,Urban,1/12/2000 6:00
50.96048491,54.64892155,158.332233,59.55230031,3.193147167,65.83464521,2.233095171,402.454579,1.712348177,28.923682,55.54828529,193,Urban,1/12/2000 7:00
57.28294536,126.4318642,202.6479921,70.27602446,21.12632059,170.7816827,2.111468652,534.0502932,2.560698639,36.2637138,55.32314214,220,Industrial,1/12/2000 8:00
62.50643159,77.6831687,159.0693392,81.29240821,18.01627511,142.0267291,3.001967361,531.5756715,2.029687662,32.17102055,51.4241447,228,Industrial,1/12/2000 9:00
43.27249927,73.65385803,31.53122563,19.95354127,9.076265929,120.7626989,1.073786124,401.9317086,1.855527452,26.00539137,75.71574971,290,Rural,1/12/2000 10:00
33.70482753,68.69785928,82.3276858,48.55555659,8.298961789,101.4122112,1.635198765,423.6141732,1.541371691,31.14478062,49.21649251,255,Urban,1/12/2000 11:00
36.86804392,44.17364238,134.7630643,37.29823279,6.885692343,102.2069796,2.541636622,414.3359326,1.684159968,29.5500534,47.04982833,84,Urban,1/12/2000 12:00
31.26337922,52.39092884,85.1524207,38.93778506,5.166962251,69.60049823,1.820617032,419.1847717,1.763516373,30.06215193,63.62115874,238,Urban,1/12/2000 13:00
46.16193813,60.93075845,33.44384217,14.62815701,4.532347291,108.5238173,1.092197519,399.3442778,1.951650072,30.34021089,66.49605688,11,Rural,1/12/2000 14:00
23.38067508,55.36638703,82.50020516,29.32555654,4.258083961,75.67143943,2.07089271,414.9608053,1.598479861,28.05415823,49.95994883,70,Urban,1/12/2000 15:00
79.83593244,106.8503012,92.03498512,59.86778234,23.3656601,78.8924256,3.176517145,476.2786154,2.682532621,34.42863787,39.61699714,147,Industrial,1/12/2000 16:00
34.9680619,92.93898557,20.10386041,13.78048389,8.772615764,90.30251978,0.789599064,399.2740749,1.875307132,30.23469535,79.28098096,355,Rural,1/12/2000 17:00
24.97782981,48.71347144,63.33037023,34.98597853,6.950624917,90.31256177,2.489211056,425.2214255,1.579266034,29.33842155,62.13852842,164,Urban,1/12/2000 18:00
37.45896827,15.70387349,131.0219893,32.97252223,9.531425381,82.32726903,1.157649653,399.3530251,2.107948153,32.21180997,55.02132778,15,Urban,1/12/2000 19:00
56.13654085,79.77091032,44.69582537,16.47713643,9.326895458,81.8938367,1.73453319,386.038739,1.909378826,30.68417054,70.29451249,181,Rural,1/12/2000 20:00
104.3489478,138.3463032,98.38663169,97.41521474,24.58983835,127.0241973,3.510236409,479.2546852,2.685589036,30.36745992,57.41234801,41,Industrial,1/12/2000 21:00
54.13706121,47.32033339,26.39590014,13.62857485,6.685700338,108.5587795,0.862268603,406.9356647,2.239044134,29.43460679,75.26046985,38,Rural,1/12/2000 22:00
32.14977098,104.4055436,17.19544429,15.94739911,10.01488795,68.6269333,1.57388419,399.3791554,2.002499864,36.60520917,52.08182258,333,Rural,1/12/2000 23:00
38.76321777,64.66823847,103.3276726,38.67756946,1.815712944,97.48353834,2.186884214,431.019567,1.492248895,31.01426898,62.69002809,186,Urban,1/13/2000 0:00
76.65260549,130.8721585,145.1138064,54.22127612,20.43212709,143.5747639,2.941624465,436.2437705,2.704790825,32.37067277,54.34708716,255,Industrial,1/13/2000 1:00
40.46934412,74.98101351,17.0249036,11.21071902,8.049715008,92.48862828,1.743363102,417.6597961,2.019827668,25.47486416,61.39937237,324,Rural,1/13/2000 2:00
28.33310195,59.2881381,27.17113279,11.90463632,7.936975351,106.8685476,1.927583814,390.9118827,1.88761075,31.04393616,59.17231872,336,Rural,1/13/2000 3:00
97.20667891,119.300405,199.7462212,81.79438845,26.74073924,127.0516428,2.44760086,506.9122683,2.026689373,33.9422875,59.12287009,242,Industrial,1/13/2000 4:00
52.61188125,59.99529491,70.45314686,44.49473913,9.172094099,59.70481014,1.819268617,424.1644604,1.78921903,28.03539284,57.56691186,136,Urban,1/13/2000 5:00
82.94197189,101.9186342,103.5311842,73.86963972,25.51938672,164.2550324,2.998317311,488.214567,2.17235091,34.66950265,44.23312716,219,Industrial,1/13/2000 6:00
103.8475847,131.4814244,191.9878394,49.86808377,13.17087922,145.5309207,3.351949099,535.9272165,2.711823674,32.51463745,35.62802353,87,Industrial,1/13/2000 7:00
38.82048889,85.67936312,30.96058642,16.74898864,8.406298403,112.4193893,1.108617499,375.4889361,2.286826545,28.74875369,59.53947654,234,Rural,1/13/2000 8:00
78.67933296,126.7650498,144.5584379,62.58468493,13.74651969,150.6583142,1.554529829,486.2800392,2.221664767,32.5212463,61.49820804,357,Industrial,1/13/2000 9:00
64.00172733,49.87998088,49.92832625,11.103522,8.345053566,112.7715747,2.477833101,384.5771766,1.640652397,32.47113841,60.14253228,0,Rural,1/13/2000 10:00
87.24041077,101.4497561,153.2556383,63.73242514,15.04169779,170.6829471,2.915072304,491.8489996,2.243329829,30.94412648,50.89911023,298,Industrial,1/13/2000 11:00
55.33963349,72.50308718,14.23003518,10.98587778,7.852054273,98.10835989,2.289016871,376.1401206,2.101117848,32.46733932,74.85316013,157,Rural,1/13/2000 12:00
57.33458513,58.25483547,27.6906755,18.42421369,6.069534798,84.71826502,1.032909325,401.7822809,2.308334562,23.26175503,74.0505288,18,Rural,1/13/2000 13:00
119.5030691,130.6348977,155.6028616,77.08994584,26.89581294,147.4985957,2.587063491,516.8856646,2.44751663,30.86020934,54.31869738,171,Industrial,1/13/2000 14:00
46.5797348,59.38778709,27.65665089,19.03722359,7.413188968,63.76450677,1.630336341,402.0834782,2.228292864,26.32201019,66.64061074,171,Rural,1/13/2000 15:00
44.31484067,83.20561264,26.96769076,14.82942549,9.124688078,90.30499728,1.38088104,378.2329649,1.997012645,26.99545455,50.6306332,149,Rural,1/13/2000 16:00
36.45521198,50.78816152,103.5245675,55.88626928,6.390804949,57.1798298,1.944245586,411.9503352,1.722460017,29.17276867,46.06881847,34,Urban,1/13/2000 17:00
33.72345318,51.59088545,26.76378275,60.52972025,7.177539308,72.4739855,2.009409525,408.2834565,2.139144576,33.79457739,66.34100539,315,Urban,1/13/2000 18:00
38.81990068,64.19754608,3.509004567,21.75751452,9.823530646,56.66540345,0.674045815,370.5076872,2.129033825,30.23497426,70.41674485,278,Rural,1/13/2000 19:00
94.66723325,77.88706116,184.6077103,90.79524096,18.48909707,71.90588737,2.747082607,498.7163168,2.196820534,31.96956321,37.95272567,322,Industrial,1/13/2000 20:00
35.52318548,67.36242751,67.85793954,39.62687592,5.276263413,69.44523552,2.202029309,406.5363009,1.734709222,28.49363175,63.44897674,113,Urban,1/13/2000 21:00
101.9968359,145.4083292,136.1322816,83.61427415,20.56181063,151.3676911,2.945847057,535.1683571,2.909751582,34.48979284,53.36827297,274,Industrial,1/13/2000 22:00
98.31231948,102.4645244,201.3612085,43.78545235,22.17385032,164.2629205,2.443110052,508.4878788,2.883855601,28.56636232,47.08218454,342,Industrial,1/13/2000 23:00
36.99230799,71.86791106,42.81992253,18.16547467,9.017131755,140.7645493,1.083818014,388.1576196,1.649182887,24.71468184,59.08489667,342,Rural,1/14/2000 0:00
40.59401965,109.5719782,184.2809975,44.01183963,14.09858198,157.9064022,4.798934925,472.8357666,2.080919773,33.67739674,57.26814177,167,Industrial,1/14/2000 1:00
77.24769136,86.60399694,151.4031429,68.39270678,25.92104573,125.4040336,2.090563137,492.518807,2.170572612,33.07830918,48.2161748,147,Industrial,1/14/2000 2:00
72.02818173,88.64281149,160.4012993,107.6733483,10.79961128,149.0315817,3.448380055,502.461564,2.466061584,30.40156727,37.74265975,145,Industrial,1/14/2000 3:00
34.32777608,94.80911369,26.37243467,12.24219596,5.312256789,121.2669409,1.077629675,389.8470734,1.658362986,30.4545184,68.80905304,210,Rural,1/14/2000 4:00
19.65519869,72.58143216,79.31627501,28.29028121,4.233077908,71.93264653,1.747475674,432.7367425,2.202365199,27.26172693,57.68960485,69,Urban,1/14/2000 5:00
69.12354919,124.000297,105.3256075,71.41186402,16.40496666,103.1073151,3.935844306,523.6513145,2.467793563,34.99883807,51.93771917,145,Industrial,1/14/2000 6:00
35.61227608,61.12132985,90.06218403,36.84217624,2.183793252,101.636523,1.093383357,409.4138941,2.202406826,30.27234577,67.95093921,102,Urban,1/14/2000 7:00
35.34027411,61.67058903,95.52266787,43.95819781,6.385711512,94.69275091,1.507098096,417.158449,2.038952572,31.78929438,57.2518172,105,Urban,1/14/2000 8:00
35.22594947,94.91783953,26.25195616,12.74689358,10.06972771,64.49510957,1.828581772,390.4561643,2.092960426,29.33809287,73.85174053,34,Rural,1/14/2000 9:00
74.91316581,127.4012223,146.2880196,76.86708415,17.51533987,144.5229308,2.307029545,499.2998478,2.256699741,30.7719071,59.2647897,41,Industrial,1/14/2000 10:00
54.36151207,71.51305185,33.12562173,17.03552708,8.873487082,94.00004456,1.34226908,388.4814664,1.772061659,30.15482322,57.30713378,283,Rural,1/14/2000 11:00
85.6002284,126.2475642,185.782055,51.13197766,23.65690126,167.7126618,2.900497424,506.7737464,2.808837244,34.74463076,55.33169724,195,Industrial,1/14/2000 12:00
49.740466,79.97382049,119.8561398,35.74138414,6.078288236,99.56739876,1.388401549,436.9451176,1.452122478,31.40921164,54.31600238,47,Urban,1/14/2000 13:00
88.00038867,136.7893701,186.5458414,85.86052458,24.360985,140.5473981,2.599777771,506.6521502,2.779938422,32.5545586,36.41590105,69,Industrial,1/14/2000 14:00
55.91545358,63.21561416,37.59090395,9.809557481,9.917438857,108.5476255,1.464568388,391.3089349,1.742647741,28.32400223,55.02379234,191,Rural,1/14/2000 15:00
31.34714405,70.43933211,32.14826506,12.19108753,4.893144403,143.6467834,2.059713337,386.1806773,2.102045529,26.54562797,69.46241342,112,Rural,1/14/2000 16:00
73.69829658,106.3443528,186.5913225,81.94139059,24.29309199,135.9580799,3.779585966,461.0986253,2.839369027,32.86693569,38.16215858,99,Industrial,1/14/2000 17:00
16.85973652,61.61556222,113.7848637,47.02692385,6.189557192,87.3632339,1.538106782,427.6747607,1.592875531,32.21412847,47.26523951,282,Urban,1/14/2000 18:00
62.14629249,43.46562162,24.14072327,16.64553389,10.50568527,88.79438459,1.223099868,370.3107686,2.020687626,34.12622812,75.84337058,181,Rural,1/14/2000 19:00
84.16037693,119.5544204,159.6624693,69.83361994,15.93492814,174.6983975,3.158033066,500.352265,2.207390192,35.60701586,35.20946786,331,Industrial,1/14/2000 20:00
59.91257397,123.1948673,129.6744878,68.33519542,16.91161256,112.5841319,3.27020232,499.0080648,2.683788736,34.58887582,51.11123944,30,Industrial,1/14/2000 21:00
99.02931537,100.4845099,177.2687949,76.89085624,21.16546326,163.341967,2.327482785,476.0650638,3.012948456,32.66255564,39.17006616,60,Industrial,1/14/2000 22:00
57.77332542,118.2336224,139.7523624,70.02601535,20.4357697,224.6838324,2.762994013,531.5988022,2.992607265,34.50724857,40.82820713,80,Industrial,1/14/2000 23:00
49.4586466,60.24473403,119.7594631,53.00526859,5.326810948,56.08752458,1.889678625,412.5775199,1.699299168,29.81075241,48.21964298,334,Urban,1/15/2000 0:00
77.98766537,128.2421832,166.7191288,67.98782236,22.01734459,133.5192044,3.920345878,488.6897742,2.859155945,30.04786582,40.76048254,33,Industrial,1/15/2000 1:00
103.2956161,70.36027329,171.5805435,78.13448154,22.3553664,156.550393,3.173467896,525.6628061,2.661842012,33.43381289,53.57504133,89,Industrial,1/15/2000 2:00
98.56480636,127.5953527,120.9586272,65.34538442,16.92838428,128.7063302,3.685222691,472.5651374,2.982634257,34.65645938,45.87505954,154,Industrial,1/15/2000 3:00
34.33844157,81.08401928,7.983338632,3.50816481,8.666024094,41.37574042,0.973932903,386.1990144,1.85571673,27.55658049,67.27357588,202,Rural,1/15/2000 4:00
82.14214089,108.4449898,131.8749719,49.24806232,17.31913917,142.0788671,2.257094528,499.0907005,2.641875125,32.57305573,39.8508366,93,Industrial,1/15/2000 5:00
89.9408874,103.8572003,180.1014829,71.82722059,27.72628585,222.4265194,2.670829485,491.4187225,2.426127363,34.1914045,46.16246765,156,Industrial,1/15/2000 6:00
85.718664,117.2814542,168.5432731,92.6418654,18.79835881,99.90397,3.520731174,483.3458956,2.457065279,34.57406167,45.263978,91,Industrial,1/15/2000 7:00
46.08456656,66.27147908,54.73005999,44.83063359,1.408126897,66.7764873,2.432779224,426.5759848,1.891393473,32.62580531,50.17660895,355,Urban,1/15/2000 8:00
39.29340823,65.69459473,86.09703133,38.69939706,8.338139052,61.14883988,2.807389395,416.7797185,2.065086422,27.18636998,45.59259415,232,Urban,1/15/2000 9:00
74.88624941,115.0534453,137.9763107,107.8659481,19.618184,140.931107,3.05390753,480.6532961,2.97913616,30.05783833,59.16806656,48,Industrial,1/15/2000 10:00
45.71721405,87.09141252,19.86194067,19.23966087,5.92817803,96.33603661,1.801072926,378.125346,2.036302666,31.64492053,54.594335,186,Rural,1/15/2000 11:00
34.87418617,70.84025162,119.587158,44.42624189,1.550990428,65.21334421,2.013163917,427.3345288,1.534284068,29.97730962,43.24465044,179,Urban,1/15/2000 12:00
85.68729678,144.6044435,132.0907714,34.14543449,17.93889627,177.404212,3.376340932,508.563725,2.416002009,30.44193853,39.96499324,22,Industrial,1/15/2000 13:00
74.94653018,125.1127795,137.0386871,59.09037906,28.33531218,153.6452189,3.355218037,516.7150803,2.540212266,33.48126549,44.18803661,13,Industrial,1/15/2000 14:00
25.52185245,69.08187625,101.7722663,31.03968436,6.160197683,90.86912922,1.652517004,419.7217246,1.909428335,28.28328929,61.35333835,120,Urban,1/15/2000 15:00
35.76983141,61.86109089,68.13767794,43.79550305,7.232492781,110.1609518,1.875317949,445.0164504,1.388406649,30.71243342,55.57938078,9,Urban,1/15/2000 16:00
29.08883263,71.44891383,86.12469701,53.30807242,7.33024748,80.43762641,2.376730726,426.1724045,1.750866945,31.72326933,48.63639034,293,Urban,1/15/2000 17:00
34.70258346,51.80833496,114.9215545,37.67695506,5.058502959,74.59446478,1.946940242,437.0465101,2.278153233,30.75418419,47.09829348,288,Urban,1/15/2000 18:00
35.8749816,67.71875136,22.84936779,11.95049619,11.15077895,100.7197703,1.547284797,383.2580944,2.235508945,27.36226412,57.87225129,228,Rural,1/15/2000 19:00
79.08347129,108.95884,200.5373924,97.65848038,13.82359753,116.3354029,2.806576255,483.6792421,2.565224973,32.34675302,63.98822893,185,Industrial,1/15/2000 20:00
42.07045894,101.229674,103.6473134,21.73954589,5.91503298,97.20525943,1.541073784,413.5448807,1.650524354,28.93727227,42.86922088,33,Urban,1/15/2000 21:00
44.7323966,57.60006023,32.04758882,18.8293914,4.768226425,107.4911922,1.872973948,385.8489971,2.140140122,36.44396333,52.98739141,107,Rural,1/15/2000 22:00
78.43485811,127.866141,127.8582875,72.71876744,22.30135812,155.8452702,2.286213276,504.1272354,2.938658782,33.89727153,47.1924961,4,Industrial,1/15/2000 23:00
52.35671011,54.49471657,20.84102606,9.30757455,7.833662578,130.2931075,1.113855782,406.7857595,2.181962044,23.60619381,54.64572722,197,Rural,1/16/2000 0:00
26.54898244,67.39171758,25.54056286,15.56570229,7.273766678,49.81357848,1.344661225,386.9438089,2.126732205,25.90540098,62.76516978,335,Rural,1/16/2000 1:00
71.19825456,139.8867216,73.31046398,72.12160769,26.74440174,194.9309555,2.837721682,473.4760369,2.909941853,32.89626967,37.97688788,323,Industrial,1/16/2000 2:00
61.25168779,131.2772634,170.0961436,73.02316003,16.17977109,118.0500352,1.997425941,488.7890965,2.198243931,29.58138061,42.17043604,100,Industrial,1/16/2000 3:00
57.65830883,66.63605505,23.23758792,9.528176012,6.823691286,135.4559696,1.066315968,411.1674682,1.831878515,30.24984991,51.75373962,68,Rural,1/16/2000 4:00
34.41049142,44.37572844,22.08615514,16.69717777,11.59264785,119.9245546,1.754462194,373.7646662,2.023859341,27.79912029,53.93175892,238,Rural,1/16/2000 5:00
36.54048078,59.36447384,101.6648143,12.86757366,5.512443672,89.66879784,2.669012701,423.6873806,1.773852587,32.20988384,54.25325095,194,Urban,1/16/2000 6:00
72.27825988,124.8706041,148.1878881,86.91670376,20.43055434,127.5923014,3.693116367,495.6573785,2.657961005,32.04517859,51.73066074,206,Industrial,1/16/2000 7:00
71.83454628,138.6268185,152.1397295,31.75865417,22.21360138,179.8905296,2.193556838,508.1745387,3.048987901,33.22413275,64.19782649,299,Industrial,1/16/2000 8:00
37.83162281,61.22186846,34.59780584,14.12589818,5.341629733,98.47028906,1.460443427,399.7567835,1.80556952,30.94695845,55.52904191,212,Rural,1/16/2000 9:00
90.13113678,117.3471371,95.86460462,64.45852466,15.15361156,154.6409025,3.863250293,539.4681918,2.519386309,29.66568733,62.26596219,70,Industrial,1/16/2000 10:00
58.16760225,41.81833543,-0.076323397,17.85589703,8.487314447,72.74478983,1.10578416,380.3025628,2.022107063,26.12105417,52.47716474,322,Rural,1/16/2000 11:00
35.10360168,94.00279299,48.23491469,13.81049624,5.078081491,83.78966062,1.955122329,384.0898683,2.11782479,28.5056749,70.39114336,117,Rural,1/16/2000 12:00
75.19306175,120.4952708,139.822891,45.3616997,25.45973086,177.1031659,4.391833796,545.6099861,2.14719396,32.32920016,64.3236969,196,Industrial,1/16/2000 13:00
34.23610364,57.78720653,92.24078041,33.98851863,5.530397272,67.07369408,2.088689585,399.0012677,1.680025166,32.1966584,61.16470074,212,Urban,1/16/2000 14:00
35.25210868,36.85322658,104.1073691,61.96223142,5.985972917,78.84964494,2.537671701,422.1066847,1.841906846,27.81674966,66.0393888,309,Urban,1/16/2000 15:00
83.24444688,131.5135905,120.6345649,65.56908072,22.68580251,102.8721583,2.545803472,507.5381788,2.831505532,37.37155962,50.4186634,157,Industrial,1/16/2000 16:00
16.12468097,51.05373722,148.7712951,42.71107035,6.879158825,61.99891535,1.21327512,407.7892254,1.780573778,26.01174231,49.62200747,177,Urban,1/16/2000 17:00
63.26757076,71.3812163,52.10890993,16.7634477,7.105480818,133.739581,1.468189093,366.0631585,1.999199372,27.25247249,79.59462205,178,Rural,1/16/2000 18:00
40.08608373,53.5453602,62.89858338,37.91531789,7.41321631,49.45664287,1.472455316,421.2626774,1.603069043,28.41495311,46.40628563,324,Urban,1/16/2000 19:00
31.29506113,70.52068355,15.66474028,4.47444406,10.1674706,75.39438796,0.966539367,381.8824122,1.828669874,27.57366562,72.39809614,140,Rural,1/16/2000 20:00
61.73550466,51.18614148,26.0360448,14.15517397,4.557648349,77.09646209,1.918669931,397.602135,2.187413375,26.23272933,58.81750282,215,Rural,1/16/2000 21:00
46.40313415,97.48301079,43.26565177,30.75704277,8.628018362,43.98599364,2.895632532,421.4735127,1.836826555,27.44040403,61.43379052,66,Urban,1/16/2000 22:00
50.51106509,118.3427865,150.523664,49.83845776,14.23133605,124.6461417,2.230246894,497.840107,2.31911053,33.63581677,58.27631763,129,Industrial,1/16/2000 23:00
83.83471556,135.9171126,134.0503853,68.93925286,27.97320321,149.9183941,3.565569584,487.6508739,2.714805203,31.90216128,37.55805025,292,Industrial,1/17/2000 0:00
17.57778307,51.80937302,72.69696999,41.35338348,6.988894751,92.92012374,0.81417032,440.4206965,1.859055988,28.44700172,66.03998776,300,Urban,1/17/2000 1:00
42.71117751,79.58440142,124.8927105,24.90225707,4.421544644,50.6226487,2.584421779,415.8761561,1.790577977,30.96010054,55.2099886,146,Urban,1/17/2000 2:00
66.45950504,138.9385694,108.0854308,88.33097911,21.60438256,145.0631709,3.534333906,510.2265329,2.899114506,35.64212348,38.8504978,158,Industrial,1/17/2000 3:00
55.02509366,56.2518034,35.24805796,22.47706831,7.67121847,97.06963566,1.556541411,383.3550132,2.053792703,28.73191641,63.90866223,229,Rural,1/17/2000 4:00
47.40551558,80.96029641,32.62066809,5.252191411,7.29830114,44.541306,2.047880443,379.1394542,2.251080722,30.83760893,58.04429689,71,Rural,1/17/2000 5:00
47.87167793,41.84764464,110.7283215,32.83291171,7.200523206,79.64129039,2.003796968,437.2887989,1.584791444,30.43163895,68.12984382,263,Urban,1/17/2000 6:00
108.9399618,107.8951698,114.0780686,57.86008861,18.83590959,151.926925,3.080170157,536.053219,2.987451713,35.60589298,50.81150469,264,Industrial,1/17/2000 7:00
83.00677257,113.6166017,111.788478,75.02531944,17.54131076,135.4339788,3.086831583,487.4823094,2.52872075,31.81335022,59.58487056,224,Industrial,1/17/2000 8:00
23.63451418,76.13869319,13.68725504,12.9826347,9.008202149,119.7786678,1.768943684,393.1973391,1.776145337,30.94182506,70.81589486,321,Rural,1/17/2000 9:00
43.50079332,66.26521128,102.6861094,43.87371481,5.646370965,105.6763372,2.647492792,425.4422035,1.969160575,31.0281251,41.68641716,292,Urban,1/17/2000 10:00
52.76412437,69.92833931,25.24144663,14.65348985,9.31194293,117.25666,1.720330633,377.1742246,1.995395508,26.09971311,50.43941382,34,Rural,1/17/2000 11:00
41.6492902,48.5254237,111.301344,37.17812239,1.241807633,98.61918572,1.987356389,432.759773,1.466938184,29.41695738,66.36239571,160,Urban,1/17/2000 12:00
48.51929958,56.6300528,29.50795084,17.44541939,8.301743743,109.5076711,1.12883148,384.0932544,1.885332032,27.17053073,54.31603899,216,Rural,1/17/2000 13:00
73.78198328,118.1338701,28.19508341,10.36755468,11.37260715,91.40524656,1.564415803,402.1728973,1.969297707,27.27683725,54.94802081,168,Rural,1/17/2000 14:00
22.27605023,50.54185356,93.48075384,27.61436811,2.704128364,80.67202633,1.075147927,411.2083698,2.188918799,29.30906271,46.78832002,1,Urban,1/17/2000 15:00
37.16683119,55.44974899,94.52834371,47.66242975,2.91961256,118.9039015,1.089456965,414.0233232,1.874042378,31.16862833,47.58512202,99,Urban,1/17/2000 16:00
74.41270818,132.2446537,109.9484371,53.64748226,23.23662806,181.3368383,2.727198177,463.0272862,2.449732798,33.3788118,36.3858945,209,Industrial,1/17/2000 17:00
33.47115881,48.75334734,72.20404441,47.55668521,5.195596627,76.98632883,1.746426129,418.1982644,1.832063286,33.45736315,46.39611794,28,Urban,1/17/2000 18:00
39.61435439,90.97589352,27.45896546,11.68546664,8.056157548,102.6056985,1.025247508,387.0159373,1.932263135,27.48356718,51.69876672,63,Rural,1/17/2000 19:00
43.75523607,70.42709844,79.93932014,29.40494564,3.534944632,79.43434703,2.083553502,420.3839401,2.059746022,28.5700863,55.00101747,254,Urban,1/17/2000 20:00
40.45786714,27.42642893,99.79716996,41.58089225,4.444911487,105.8254768,2.210890037,433.1019191,1.756807896,31.87495499,58.12913259,358,Urban,1/17/2000 21:00
75.475968,121.6228504,109.8441099,82.94828469,9.924081678,130.3386745,3.292924701,477.5473711,2.684238784,31.26161204,54.930181,330,Industrial,1/17/2000 22:00
29.36317338,66.22908869,70.71959567,62.73941039,4.520815351,80.1752697,2.827377179,414.1332723,2.133476469,29.17705765,46.99056893,278,Urban,1/17/2000 23:00
23.4491091,53.70145496,80.0261307,20.1956577,5.260653483,65.64769208,2.752741142,426.1517444,1.80828039,29.05460094,41.587223,17,Urban,1/18/2000 0:00
51.27867823,48.03422758,9.826612019,0.838370375,9.62796172,103.2154363,1.409737448,403.8902436,2.127464937,32.84890013,64.77101146,329,Rural,1/18/2000 1:00
41.89003144,52.22172589,73.09985875,9.937555719,5.365031993,91.58032216,1.949068245,429.3374621,1.535961953,29.65752209,49.07187221,8,Urban,1/18/2000 2:00
31.76520578,42.62380241,104.9412326,44.00691837,6.117253066,27.55561691,1.382577143,429.5755472,1.615278607,30.4058881,68.97510006,132,Urban,1/18/2000 3:00
87.02364947,119.596467,150.6507617,55.80433019,19.65736378,139.5040248,3.12574002,469.8751723,2.619355602,35.03325935,36.24679545,350,Industrial,1/18/2000 4:00
29.74306581,47.54873239,27.05901526,16.35418258,8.866945663,87.28594367,1.306405153,391.236615,1.700797089,30.8783216,61.06175466,86,Rural,1/18/2000 5:00
34.22419208,61.11044029,86.21356729,40.24103226,5.475796378,68.42368372,1.460352032,432.879705,1.920824101,28.90468379,46.51309688,301,Urban,1/18/2000 6:00
86.14454178,127.1394552,152.4383527,69.43160377,31.94185996,185.5276994,3.505978826,502.2359832,2.80214716,34.03598955,35.3984361,340,Industrial,1/18/2000 7:00
44.02899195,12.93233675,32.10600839,12.5576196,11.18534,100.4836018,1.024414632,389.5011985,1.790775783,29.42022225,76.1718369,47,Rural,1/18/2000 8:00
35.5094185,70.61214573,16.34978205,18.50747391,9.037742361,112.3951255,1.500647613,394.1477289,2.320867822,27.14471723,53.97411969,211,Rural,1/18/2000 9:00
66.97608558,121.9562659,183.1180064,66.15578764,18.82041735,137.7934427,2.62567033,505.8994291,2.050822706,35.56187915,58.66741889,291,Industrial,1/18/2000 10:00
32.26350212,52.66862434,127.6891331,32.42641513,4.061651601,104.6849563,1.726487874,419.0138236,1.717606026,26.43355704,43.50949139,28,Urban,1/18/2000 11:00
73.93631601,125.3092532,190.8202811,70.39830031,20.11428755,172.1253868,3.035260328,512.710604,2.823560064,32.3445257,49.78948131,76,Industrial,1/18/2000 12:00
71.47915569,141.5036079,152.4091937,60.11723125,23.39910173,154.1255872,3.278787441,504.3101405,2.561504432,34.60110778,50.83286196,195,Industrial,1/18/2000 13:00
37.1964516,55.34089628,94.98162705,27.43870705,6.329087085,59.70154617,1.813772844,426.703487,1.752534939,29.01542402,60.17085574,227,Urban,1/18/2000 14:00
35.00133761,59.45423511,12.0827058,14.90069476,7.333410227,104.5464479,1.030147329,397.3418079,1.632157889,27.7234675,71.68306028,100,Rural,1/18/2000 15:00
41.59451241,47.94077378,107.6836404,37.52247582,7.64082802,62.51128703,2.313803149,417.2049254,1.768338904,29.63229221,54.79090375,255,Urban,1/18/2000 16:00
50.73412148,68.37205085,97.3552403,39.59428127,-1.095554625,71.52329156,1.286662052,421.3441253,1.748004802,28.26139092,65.11485893,99,Urban,1/18/2000 17:00
38.08989754,76.12832404,47.4555071,19.60659024,8.569866139,94.3919672,1.258272687,380.1181408,2.301924792,31.94641314,70.98154223,165,Rural,1/18/2000 18:00
58.99644655,79.55756192,8.217886803,12.35266518,6.876315801,111.9840238,0.450073177,415.4900971,2.106205219,28.44663041,67.39314325,322,Rural,1/18/2000 19:00
93.06119967,138.9762619,153.9207007,67.8771137,17.62102278,125.2166402,2.51909013,472.9888807,2.477238565,29.63066485,47.22223644,100,Industrial,1/18/2000 20:00
59.95573867,140.2487687,97.13627583,65.20639663,14.75436754,137.9258792,3.129181712,519.6911058,2.865290077,31.16209356,50.23256456,134,Industrial,1/18/2000 21:00
32.49985314,46.76683806,82.10498093,37.55860084,4.214525274,75.31259754,1.989286723,419.7159214,1.608902701,30.73866204,67.6188441,331,Urban,1/18/2000 22:00
35.73873651,98.97137198,32.27495876,18.17983875,6.355847976,69.51788834,1.27222009,388.7597861,1.787155999,27.97046557,62.0291098,99,Rural,1/18/2000 23:00
41.70911248,69.0568578,90.20308087,29.82235691,2.945192897,72.53463508,2.322259246,429.2824569,1.700693653,27.69301515,43.17415075,52,Urban,1/19/2000 0:00
38.78096833,93.85496963,38.27115429,15.78987156,5.456161998,105.2849142,1.925062916,386.2436633,2.270222818,31.87823587,76.00464457,262,Rural,1/19/2000 1:00
23.83325933,69.76383237,118.1155787,31.18200896,-0.327308281,80.18241439,1.789228892,415.5373751,1.991187495,30.27730525,48.61494295,26,Urban,1/19/2000 2:00
79.23409002,115.0622921,214.3510926,83.42015714,24.84774033,164.1405747,2.742877647,494.4922008,2.44483921,33.37646655,64.24280244,257,Industrial,1/19/2000 3:00
42.21580895,55.69091262,104.270702,44.40784932,3.855995123,119.8135203,2.28879009,433.029855,2.014204789,30.65457854,56.23611297,236,Urban,1/19/2000 4:00
63.34714794,76.5766766,20.82844509,18.34904049,10.11756135,104.9532913,1.691776677,389.3024657,1.773143909,27.54479872,61.6830404,198,Rural,1/19/2000 5:00
24.23024454,75.53826992,130.2975901,50.31432678,4.831688419,79.55234389,1.468413322,424.146329,1.833926341,35.68789479,40.40540927,33,Urban,1/19/2000 6:00
61.54163553,72.08484257,33.89604524,3.897894955,5.604067142,122.1769944,1.614709645,388.5279472,2.112968472,32.90739342,69.43160163,265,Rural,1/19/2000 7:00
46.43675739,75.27680189,83.92519025,37.8731683,1.8092302,39.21808974,1.385473776,431.2309736,1.956016144,30.76687253,47.12458127,216,Urban,1/19/2000 8:00
84.68976487,155.6490843,101.0832839,70.82893894,16.4654761,165.6450758,2.87936889,472.7989069,2.205668886,31.33939894,54.35712934,357,Industrial,1/19/2000 9:00
41.26382535,92.1004618,28.26816161,13.36668621,8.114235681,107.120632,1.277822083,390.2186574,2.157464501,28.38861892,79.05257392,231,Rural,1/19/2000 10:00
64.78045438,106.8311367,215.1884925,80.47582651,23.9417151,130.8876448,3.042929019,546.1230597,2.135674698,33.91247759,53.19158351,269,Industrial,1/19/2000 11:00
90.9650094,130.7686991,171.4720272,105.9154285,30.92547448,129.3985397,4.136719495,507.6633638,2.649728745,29.61545834,37.6442673,51,Industrial,1/19/2000 12:00
54.93670578,89.27944901,9.25513649,14.88982568,10.24372301,95.33302594,1.791625458,393.5116547,2.068332046,27.18605507,51.79286823,18,Rural,1/19/2000 13:00
30.65988187,60.31032762,58.20358467,32.81568667,3.426489746,93.38247982,1.71431512,414.5752445,1.724415328,28.50271059,66.57766343,95,Urban,1/19/2000 14:00
46.71539532,74.08081035,33.06438834,15.01604934,6.614269753,98.63852151,1.325117021,373.742184,1.845517002,30.66862369,67.72413601,85,Rural,1/19/2000 15:00
26.03027696,72.74377897,79.78468753,39.82493551,8.091620854,101.9705724,2.238919602,418.7242229,1.876579291,31.37796791,61.40956223,7,Urban,1/19/2000 16:00
44.56295002,94.87009959,99.57484814,45.05021088,5.169036952,65.7283066,1.089619861,412.9422652,1.521608324,33.40820416,41.23247095,112,Urban,1/19/2000 17:00
55.6698459,49.80848015,22.33135962,15.34036135,10.05753798,112.5421261,1.599330057,390.7811774,2.080047171,28.60495872,65.51395676,231,Rural,1/19/2000 18:00
104.4610243,125.2367797,173.9071632,90.9451224,14.19094462,98.11492801,2.959712256,464.9301729,2.405801471,33.62874707,43.30863854,236,Industrial,1/19/2000 19:00
27.65196293,35.14961221,91.87093169,30.62882955,3.69936864,92.20747399,1.974768476,411.7049244,1.917700157,31.33374469,67.45416461,22,Urban,1/19/2000 20:00
41.15570921,56.70234444,108.8355631,37.22864531,5.730990406,99.85845087,1.603936787,426.7396486,2.1384796,30.52913053,58.81942411,28,Urban,1/19/2000 21:00
38.1107919,79.6554502,40.33881055,12.96269946,9.815924627,103.0869952,1.450285689,387.8861577,2.149322273,28.97673345,63.79825854,274,Rural,1/19/2000 22:00
84.80647689,121.6807842,91.99088877,80.45138715,22.0372922,150.485154,3.743649691,524.2599873,2.739630598,31.29939837,57.50815488,332,Industrial,1/19/2000 23:00
51.8416411,117.0230497,163.1947742,43.74388397,21.17171619,178.6328723,1.960096751,533.1634041,2.197050977,34.14947249,59.56240431,148,Industrial,1/20/2000 0:00
49.09335444,141.8193335,196.614015,40.073793,22.30027171,156.7951606,2.448767287,472.1128867,2.797525104,33.35814106,63.25716762,78,Industrial,1/20/2000 1:00
80.0787967,141.5734152,92.23625345,58.7660096,15.10668583,180.1877332,2.482635169,474.2808922,2.664798264,31.18250484,53.48721948,93,Industrial,1/20/2000 2:00
91.80707831,115.7791879,146.3661562,83.61231379,23.31435215,152.2679847,3.07249196,470.4030304,1.992996835,32.64635545,59.55779691,355,Industrial,1/20/2000 3:00
33.2470547,65.98976403,109.0098349,45.04287853,5.58192946,69.85982681,1.743049687,408.010486,2.156955008,30.02690073,43.3969367,252,Urban,1/20/2000 4:00
97.72789007,132.8441954,138.9852444,67.24998485,26.26933444,126.1368616,3.905929745,494.9592253,2.726798816,33.17352841,63.43590326,183,Industrial,1/20/2000 5:00
90.14718003,114.6129579,126.1102006,72.51719867,27.90731862,140.7102056,2.981274128,529.1265694,2.409901946,34.02055262,47.31796092,115,Industrial,1/20/2000 6:00
26.63299527,69.07138839,95.86498395,49.39439019,4.440803427,52.7524096,1.256519959,400.909905,1.926591567,35.11546184,44.49331395,93,Urban,1/20/2000 7:00
40.05025186,56.70344503,13.72995079,25.11295115,10.50508146,80.52451446,1.608968559,394.1746509,2.238217171,25.54418492,54.55940547,285,Rural,1/20/2000 8:00
93.20675291,93.42910644,157.9106846,88.33341563,22.59246423,222.1867177,3.402050595,492.6945749,3.352265918,36.26740203,47.02646405,41,Industrial,1/20/2000 9:00
89.14743616,78.40733436,170.3162556,53.80674383,21.3849726,190.720214,3.575902162,524.4876334,2.836254533,31.95143451,43.8410411,157,Industrial,1/20/2000 10:00
39.22247068,44.74084126,33.69296476,17.17297084,6.203714244,79.53503252,1.225287426,378.351142,1.42088846,27.74487908,56.54819596,298,Rural,1/20/2000 11:00
32.85835775,84.58895498,54.25391589,10.82957572,10.79939228,109.1662453,1.514167957,386.5587726,1.983356626,31.44877207,50.12318609,201,Rural,1/20/2000 12:00
33.18653404,61.87713044,36.54505753,15.4657939,8.350349899,75.86809151,1.471366611,401.3157845,1.678095803,25.90807255,66.73637551,40,Rural,1/20/2000 13:00
61.8196735,126.499134,128.274412,69.13471596,28.08874655,196.7981311,4.556831345,532.7530502,3.220905458,33.87305934,42.92899258,35,Industrial,1/20/2000 14:00
32.35397406,77.70065911,12.9809777,12.19331002,7.3410214,141.8714918,1.390079078,367.9875653,1.600222219,28.10208876,71.87720747,137,Rural,1/20/2000 15:00
36.94055066,76.38633003,56.62365986,30.68225329,2.788830582,97.33892332,1.815085456,416.7206348,1.834930936,28.24343838,58.83591478,98,Urban,1/20/2000 16:00
101.9372856,123.5916492,157.5646652,88.91520965,20.78326778,137.4276628,3.027537389,527.8633727,2.515996501,31.66123493,63.07247785,264,Industrial,1/20/2000 17:00
51.43504194,79.95083107,21.73322321,18.85051783,8.056931878,82.20522081,1.804860685,385.4636115,1.68514053,24.99819286,78.05475717,324,Rural,1/20/2000 18:00
74.00026958,99.3971547,117.6534549,75.65635331,18.22441717,111.0108699,4.523936853,477.5068992,2.827630888,30.04707272,43.25570635,103,Industrial,1/20/2000 19:00
58.68875465,148.2922924,163.4840334,65.04790569,17.15864107,170.1548891,3.451022946,482.0683117,2.157288253,30.81619461,39.56870741,76,Industrial,1/20/2000 20:00
34.78152024,70.11291681,14.68464685,20.75133698,7.589431961,127.9637486,1.289387325,384.7642401,1.847162643,30.6285218,73.01700182,329,Rural,1/20/2000 21:00
31.17547602,30.3605505,85.74214831,28.20891786,5.067805447,56.19184529,2.46298755,419.0892414,1.764480801,31.31178428,54.75213829,309,Urban,1/20/2000 22:00
46.64790691,95.36058808,50.0290734,13.97890316,8.703910732,124.5001046,1.807000016,397.6049073,1.733305235,25.45474982,74.03492202,8,Rural,1/20/2000 23:00
40.93479597,109.4908317,129.0715065,55.68918319,17.92412359,116.2128538,3.150654513,515.3310271,2.704115122,32.7241775,36.45392697,212,Industrial,1/21/2000 0:00
55.14230474,69.56216208,63.15049302,32.04522348,6.379158429,88.46009816,2.081289933,441.6122418,1.676502569,29.85117235,57.08003896,65,Urban,1/21/2000 1:00
50.49012404,119.5751044,158.8061259,73.74126532,18.36663376,153.742563,4.060811366,507.6346834,2.387989472,31.99960437,61.47485315,111,Industrial,1/21/2000 2:00
28.32484975,71.3181117,124.9864464,39.17839114,2.806724984,115.8789866,1.560101284,405.4057774,1.397475617,30.19890379,69.06903586,331,Urban,1/21/2000 3:00
59.39166324,139.3454595,192.2169003,51.87114214,12.94372497,145.8960929,2.561642783,502.8989848,2.862398212,28.50865912,48.08140922,222,Industrial,1/21/2000 4:00
26.79876364,47.43986388,33.87598328,10.86567722,11.60856891,101.77308,0.95887063,378.5665271,2.210593939,27.77045919,51.2084392,7,Rural,1/21/2000 5:00
32.72893992,57.87363669,103.3890854,47.28518644,6.275211624,85.1753961,2.597765694,404.8103022,1.900916363,31.25307673,50.51928074,348,Urban,1/21/2000 6:00
57.00152069,61.75202847,32.99251993,11.60818877,8.728559522,71.54760656,1.800100578,381.502967,2.161183006,26.71773128,71.01364596,310,Rural,1/21/2000 7:00
38.06862939,69.849482,29.71448015,15.59339542,8.881039213,77.02577197,1.758933074,373.7211406,1.732848667,34.4068783,75.08355847,93,Rural,1/21/2000 8:00
51.98290392,25.28315882,128.1561545,46.48943606,8.280794562,56.36953677,2.725627328,412.6058557,2.010955563,29.92795793,55.8176545,146,Urban,1/21/2000 9:00
52.40897624,57.58911954,156.297466,66.04397444,21.99110476,142.435396,4.412654168,504.6107426,2.365915682,33.67472613,53.02871585,338,Industrial,1/21/2000 10:00
28.2862907,59.11387197,30.41229251,19.02460552,7.65066212,100.6322675,1.267361911,374.8830177,1.630691951,26.90654266,50.98843605,236,Rural,1/21/2000 11:00
59.23374569,97.72583164,24.46822755,13.73024147,6.492275773,109.5663388,1.949973018,372.5722803,2.081887706,27.16998468,50.27496651,52,Rural,1/21/2000 12:00
37.90143351,52.4417195,51.00048159,14.10701598,8.988452165,100.738206,1.145472204,396.8943362,2.062915797,26.02186051,54.75357321,100,Rural,1/21/2000 13:00
47.20559248,62.54098374,38.56996245,15.75609172,8.189015306,73.79372091,1.407989877,399.7010109,1.844692731,27.90234933,58.34430921,61,Rural,1/21/2000 14:00
51.3800254,57.57354987,31.12463042,19.27600983,11.16709782,104.0715021,1.844482822,397.4188775,1.923524582,34.32341036,67.1488308,289,Rural,1/21/2000 15:00
46.81683658,75.37213265,22.17401403,18.5351618,12.16942584,74.80220761,1.364096397,392.3160747,2.157281242,26.32136114,65.54971769,270,Rural,1/21/2000 16:00
33.90935139,88.09724995,27.63031724,15.6533697,7.99732601,128.1054701,2.319452612,378.6533467,1.809488776,28.96449371,72.68700769,185,Rural,1/21/2000 17:00
43.72165074,40.84799148,27.25397673,19.3659157,7.218153881,106.0533289,1.599748113,389.8785659,1.858963595,29.97644192,65.04324421,272,Rural,1/21/2000 18:00
43.13558719,34.28720974,4.290138572,5.122961915,7.415821579,93.33224975,1.633199792,388.0299852,2.059903293,26.64935076,72.72645179,239,Rural,1/21/2000 19:00
